Net,Ref,Pin,X_mm,Y_mm,Layer
BAT+,BAT1,+,24.00,12.00,PTH
GND,BAT1,-,28.00,12.00,PTH
BAT+,CHG1,BAT+,33.50,12.00,PTH
GND,CHG1,BAT-,38.50,12.00,PTH
MIC_SCK,MIC1,SCK,5.46,24.31,PTH
MIC_WS,MIC1,WS,8.00,24.31,PTH
GND,MIC1,LR,10.54,24.31,PTH
MIC_SD,MIC1,SD,5.46,16.69,PTH
3V3,MIC1,VDD,8.00,16.69,PTH
GND,MIC1,GND,10.54,16.69,PTH
3V3,SD1,3V3,25.40,30.90,PTH
SD_CS,SD1,CS,25.40,28.36,PTH
SD_MOSI,SD1,MOSI,25.40,25.82,PTH
SD_SCK,SD1,SCK,25.40,23.28,PTH
SD_MISO,SD1,MISO,25.40,20.74,PTH
GND,SD1,GND,25.40,18.20,PTH
SW_BAT,SW1,1,38.50,42.00,PTH
BAT+,SW1,2,38.50,44.54,PTH
NC_SW1_3,SW1,3,38.50,47.08,PTH
GND,TOUCH1,GND,4.22,10.80,PTH
TOUCH,TOUCH1,IO,6.76,10.80,PTH
3V3,TOUCH1,VCC,9.30,10.80,PTH
MIC_WS,U1,GPIO5,12.38,57.63,PTH
MIC_SD,U1,GPIO6,12.38,55.09,PTH
NC_U1_GPIO7,U1,GPIO7,12.38,52.55,PTH
LED_GPIO,U1,GPIO8,12.38,50.01,PTH
NC_U1_GPIO9,U1,GPIO9,12.38,47.47,PTH
SD_SCK,U1,GPIO10,12.38,44.93,PTH
SD_MISO,U1,GPIO20,12.38,42.39,PTH
SD_MOSI,U1,GPIO21,12.38,39.85,PTH
VIN_C3,U1,5V,27.62,57.63,PTH
GND,U1,GND,27.62,55.09,PTH
3V3,U1,3V3,27.62,52.55,PTH
MIC_SCK,U1,GPIO4,27.62,50.01,PTH
TOUCH,U1,GPIO3,27.62,47.47,PTH
NC_U1_GPIO2,U1,GPIO2,27.62,44.93,PTH
BAT_ADC,U1,GPIO1,27.62,42.39,PTH
SD_CS,U1,GPIO0,27.62,39.85,PTH
BAT_ADC,C1,1,34.50,45.80,Top
GND,C1,2,34.50,44.20,Top
3V3,C2,1,20.50,16.50,Top
GND,C2,2,22.30,16.50,Top
3V3,C3,1,20.50,14.50,Top
GND,C3,2,22.10,14.50,Top
3V3,C5,1,24.20,8.00,Top
GND,C5,2,25.80,8.00,Top
3V3,D1,1,17.55,8.60,Top
NC_D1_2,D1,2,17.55,5.40,Top
GND,D1,3,22.45,5.40,Top
LED_DIN,D1,4,22.45,8.60,Top
SW_BAT,D2,A,33.50,56.50,Top
VIN_C3,D2,K,37.50,56.50,Top
SW_BAT,R1,1,33.20,49.00,Top
BAT_ADC,R1,2,33.20,47.40,Top
BAT_ADC,R2,1,33.20,45.80,Top
GND,R2,2,33.20,44.20,Top
LED_DIN,R3,1,7.80,50.01,Top
LED_GPIO,R3,2,9.40,50.01,Top
